,statistical_parity_diff,disparate_impact,consistency
Time_Category_Morning,-0.016333464217120508,0.9681062812582586,[0.95281692]
Location_New York,0.05468168103624654,1.1280807851471981,[0.95281692]
