,statistical_parity_diff,disparate_impact,consistency
Time_Category_Morning,-0.015838503384884628,0.9690311972052401,[0.95269109]
Location_New York,0.05511100858394091,1.1292757549479269,[0.95269109]
