,statistical_parity_diff,disparate_impact,consistency
Time_Category_Morning,-0.018013522725019215,0.9649129407717755,[0.99005303]
Location_New York,-0.049426756901058466,0.9091470123707295,[0.99005303]
