,accuracy,f1,precision,recall,roc_auc,statistical_parity_diff,equal_opp_diff,disparate_impact,average_odds_diff
XGBoost,0.97815,0.013544018058690745,0.012345679012345678,0.015,0.5160438131313132,-0.00513373939804442,0.00875211744776962,0.6240666377587472,0.0017532814529645632
RandomForest,0.97405,0.003838771593090211,0.003115264797507788,0.005,0.5110142676767677,0.0028545323360481874,-0.006493506493506494,1.187642351187763,-0.0017961271149032534
XGBoost_RW,0.97815,0.013544018058690745,0.012345679012345678,0.015,0.5160438131313132,-0.00513373939804442,0.00875211744776962,0.6240666377587472,0.0017532814529645632
AdvDebiasing,1.0,1.0,1.0,1.0,,-0.0030560197976053794,0.0,0.7195407285743063,0.0
